{"fmus":{"{controllerFMU}":"file:////home/maurizio/into-cps-projects/case-study_line_follower_robot/FMUs/LFRController.fmu","{sensor1FMU}":"file:////home/maurizio/into-cps-projects/case-study_line_follower_robot/FMUs/Sensor_Block_01.fmu","{sensor2FMU}":"file:////home/maurizio/into-cps-projects/case-study_line_follower_robot/FMUs/Sensor_Block_02.fmu","{bodyFMU}":"file:////home/maurizio/into-cps-projects/case-study_line_follower_robot/FMUs/Body_Block.fmu"},"connections":{"{bodyFMU}.body.robot_x":["{sensor1FMU}.sensor1.robot_x","{sensor2FMU}.sensor2.robot_x","{controllerFMU}.controller.x_coordinate"],"{bodyFMU}.body.robot_y":["{sensor1FMU}.sensor1.robot_y","{sensor2FMU}.sensor2.robot_y","{controllerFMU}.controller.y_coordinate"],"{bodyFMU}.body.robot_z":["{sensor1FMU}.sensor1.robot_z","{sensor2FMU}.sensor2.robot_z"],"{bodyFMU}.body.robot_theta":["{sensor1FMU}.sensor1.robot_theta","{sensor2FMU}.sensor2.robot_theta"],"{bodyFMU}.body.body.v.flow[1]":["{controllerFMU}.controller.linearVelocity"],"{bodyFMU}.body.body.omega.flow":["{controllerFMU}.controller.angularVelocity"],"{sensor1FMU}.sensor1.lf_1_sensor_reading":["{controllerFMU}.controller.lfLeftVal"],"{sensor2FMU}.sensor2.lf_1_sensor_reading":["{controllerFMU}.controller.lfRightVal"],"{controllerFMU}.controller.servoRightVal":["{bodyFMU}.body.servo_right_input"],"{controllerFMU}.controller.servoLeftVal":["{bodyFMU}.body.servo_left_input"]},"parameters":{"{sensor1FMU}.sensor1.lf_position_x":0.01,"{sensor1FMU}.sensor1.lf_position_y":0.065,"{sensor2FMU}.sensor2.lf_position_x":-0.01,"{sensor2FMU}.sensor2.lf_position_y":0.065},"livestream":{"{bodyFMU}.body":["body.robot_state[0]","body.robot_state[1]","body.wheel_left.e[0]","body.wheel_left.e[1]","body.wheel_left.f[0]","body.wheel_left.f[1]","body.wheel_right.e[0]","body.wheel_right.e[1]","body.wheel_right.f[0]","body.wheel_right.f[1]","encoder_left.rotational_velocity.flow","encoder_left.rotational_velocity.p1.e","encoder_left.rotational_velocity.p2.e","encoder_left.rotational_velocity.p1.f","encoder_left.rotational_velocity.p2.f","encoder_right.rotational_velocity.flow","encoder_right.rotational_velocity.p1.e","encoder_right.rotational_velocity.p2.e","encoder_right.rotational_velocity.p1.f","encoder_right.rotational_velocity.p2.f","servo_right.rotational_velocity.flow","servo_left.rotational_velocity.flow"]},"algorithm":{"type":"fixed-step","size":0.01}}